horodatage_alerte,marche,ticker,nom,cours_depart,pourcentage_predit,cours_cible,echeance_prevue,cours_reel_echeance,ecart_reel_pct,objectif_atteint
2026-09-18 00:00,CAC40,ACA.PA,Crédit Agricole,18.2300,0.8160,18.3788,2026-09-25,18.1850,-0.2468,Non
2026-09-16 00:00,CAC40,BN.PA,Danone,60.9400,4.3978,63.6200,2026-10-07,58.7800,-3.5445,Non
2026-09-15 00:00,CAC40,BNP.PA,BNP Paribas,100.3400,3.3586,103.7100,2026-10-06,95.0900,-5.2322,Non
2026-09-18 00:00,CAC40,BNP.PA,BNP Paribas,100.3200,3.3918,103.7227,2026-10-09,,,
2026-09-22 00:00,CAC40,BNP.PA,BNP Paribas,100.7400,2.9608,103.7227,2026-09-29,97.4000,-3.3155,Non
2026-09-25 00:00,CAC40,BNP.PA,BNP Paribas,99.2400,4.4817,103.6876,2026-10-16,,,
2026-09-29 00:00,CAC40,BNP.PA,BNP Paribas,97.5900,6.2482,103.6876,2026-11-10,,,
2026-09-30 00:00,CAC40,BNP.PA,BNP Paribas,97.3200,0.0308,97.3500,2026-10-07,91.4000,-6.0830,Non
2026-10-05 00:00,CAC40,BNP.PA,BNP Paribas,91.5800,0.4313,91.9750,2026-10-12,,,
2026-09-17 00:00,CAC40,CA.PA,Carrefour,16.9150,3.1333,17.4450,2026-10-08,15.9100,-5.9415,Non
2026-10-05 00:00,CAC40,CA.PA,Carrefour,15.3250,4.0620,15.9475,2026-10-26,,,
2026-09-25 00:00,CAC40,DG.PA,Vinci,111.0500,2.4238,113.7417,2026-10-02,106.8000,-3.8271,Non
2026-09-28 00:00,CAC40,DG.PA,Vinci,110.9000,2.5624,113.7417,2026-10-05,106.1500,-4.2831,Non
2026-09-14 00:00,CAC40,EN.PA,Bouygues,43.5700,0.5049,43.7900,2026-09-21,43.4900,-0.1836,Non
2026-09-15 00:00,CAC40,EN.PA,Bouygues,43.5100,0.6435,43.7900,2026-09-22,43.6100,0.2298,Non
2026-09-18 00:00,CAC40,EN.PA,Bouygues,43.6100,0.4128,43.7900,2026-09-25,43.1400,-1.0777,Non
2026-09-21 00:00,CAC40,EN.PA,Bouygues,43.5300,0.5973,43.7900,2026-09-28,43.0000,-1.2176,Non
2026-09-23 00:00,CAC40,EN.PA,Bouygues,43.4900,0.6898,43.7900,2026-09-30,41.6300,-4.2768,Non
2026-09-28 00:00,CAC40,EN.PA,Bouygues,43.4400,0.8057,43.7900,2026-10-05,40.6500,-6.4226,Non
2026-09-15 00:00,CAC40,ENGI.PA,Engie,23.4100,2.3352,23.9567,2026-09-22,23.8000,1.6660,Non
2026-09-21 00:00,CAC40,ENGI.PA,Engie,23.5000,2.1303,24.0006,2026-09-28,23.2000,-1.2766,Non
2026-09-24 00:00,CAC40,ENGI.PA,Engie,23.4200,2.4792,24.0006,2026-10-01,22.5200,-3.8429,Non
2026-09-28 00:00,CAC40,ENGI.PA,Engie,23.4100,2.5230,24.0006,2026-10-05,22.8700,-2.3067,Non
2026-10-06 00:00,CAC40,GLE.PA,Société Générale,67.3500,2.2183,68.8440,2026-10-13,,,
2026-09-21 00:00,CAC40,HO.PA,Thales,235.9000,1.6812,239.8660,2026-09-28,226.0000,-4.1967,Non
2026-09-22 00:00,CAC40,HO.PA,Thales,235.8000,1.7244,239.8660,2026-09-29,226.6000,-3.9016,Non
2026-09-23 00:00,CAC40,HO.PA,Thales,235.8000,2.1030,240.7589,2026-09-30,224.5000,-4.7922,Non
2026-10-01 00:00,CAC40,HO.PA,Thales,224.3000,7.2935,240.6594,2026-11-12,,,
2026-10-02 00:00,CAC40,HO.PA,Thales,224.5000,7.1979,240.6594,2026-11-13,,,
2026-10-02 00:00,CAC40,LR.PA,Legrand,145.6000,1.2081,147.3590,2026-10-09,,,
2026-10-06 00:00,CAC40,LR.PA,Legrand,145.7000,1.0014,147.1590,2026-10-13,,,
2026-09-30 00:00,CAC40,ML.PA,Michelin,33.7100,3.0791,34.7480,2026-10-21,,,
2026-09-16 00:00,CAC40,ORA.PA,Orange,15.8650,1.1661,16.0500,2026-09-23,14.0600,-11.3772,Non
2026-09-17 00:00,CAC40,ORA.PA,Orange,15.9450,0.6585,16.0500,2026-09-24,14.0150,-12.1041,Non
2026-09-21 00:00,CAC40,ORA.PA,Orange,15.8750,1.1024,16.0500,2026-09-28,13.9400,-12.1890,Non
2026-09-22 00:00,CAC40,ORA.PA,Orange,15.0300,4.4245,15.6950,2026-10-13,,,
2026-09-30 00:00,CAC40,ORA.PA,Orange,13.6000,5.2282,14.3110,2026-10-21,,,
2026-09-21 00:00,CAC40,RI.PA,Pernod Ricard,59.0400,4.6748,61.8000,2026-10-12,,,
2026-09-25 00:00,CAC40,RI.PA,Pernod Ricard,59.0800,4.1243,61.5167,2026-10-16,,,
2026-09-28 00:00,CAC40,RI.PA,Pernod Ricard,58.9400,4.3717,61.5167,2026-10-19,,,
2026-10-01 00:00,CAC40,RI.PA,Pernod Ricard,59.0800,4.1243,61.5167,2026-10-22,,,
2026-10-02 00:00,CAC40,RI.PA,Pernod Ricard,58.8400,4.5491,61.5167,2026-10-23,,,
2026-10-05 00:00,CAC40,RI.PA,Pernod Ricard,58.7800,4.6827,61.5325,2026-10-26,,,
2026-10-01 00:00,CAC40,RMS.PA,Hermès International,1307.5000,24.5507,1628.5000,2026-11-12,,,
2026-10-02 00:00,CAC40,RMS.PA,Hermès International,1300.5000,6.3918,1383.6250,2026-11-13,,,
2026-10-05 00:00,CAC40,RMS.PA,Hermès International,1299.5000,6.4736,1383.6250,2026-11-16,,,
2026-10-02 00:00,CAC40,RNO.PA,Renault,25.0800,8.0303,27.0940,2026-11-13,,,
2026-10-05 00:00,CAC40,RNO.PA,Renault,24.6800,9.7812,27.0940,2026-11-16,,,
2026-09-22 00:00,CAC40,SGO.PA,Saint-Gobain,69.1200,5.7485,73.0933,2026-10-13,,,
2026-09-30 00:00,CAC40,SGO.PA,Saint-Gobain,69.1400,4.2330,72.0667,2026-10-21,,,
2026-10-02 00:00,CAC40,SGO.PA,Saint-Gobain,69.0400,4.3839,72.0667,2026-10-23,,,
2026-10-05 00:00,CAC40,SGO.PA,Saint-Gobain,66.2000,8.8620,72.0667,2026-11-16,,,
2026-10-07 00:00,CAC40,SGO.PA,Saint-Gobain,66.1200,8.9937,72.0667,2026-11-18,,,
2026-09-14 00:00,CAC40,STLAP.PA,Stellantis,4.6070,4.1214,4.7969,2026-10-05,3.9850,-13.5012,Non
2026-09-14 00:00,CAC40,STMPA.PA,STMicroelectronics,42.4350,4.8044,44.4738,2026-10-05,50.8700,19.8775,Oui
2026-09-17 00:00,CAC40,STMPA.PA,STMicroelectronics,42.4250,4.8291,44.4738,2026-10-08,48.1350,13.4590,Oui
2026-10-08 00:00,CAC40,SU.PA,Schneider Electric,260.5000,6.2943,276.8967,2026-11-19,,,
2026-09-15 00:00,CAC40,URW.PA,Unibail-Rodamco-Westfield,93.6200,1.7518,95.2600,2026-09-22,94.9800,1.4527,Non
2026-09-18 00:00,CAC40,URW.PA,Unibail-Rodamco-Westfield,93.6400,1.7300,95.2600,2026-09-25,91.7200,-2.0504,Non
2026-09-22 00:00,CAC40,URW.PA,Unibail-Rodamco-Westfield,93.1200,2.2981,95.2600,2026-09-29,90.6600,-2.6417,Non
2026-09-23 00:00,CAC40,URW.PA,Unibail-Rodamco-Westfield,93.6200,1.6877,95.2000,2026-09-30,89.1000,-4.8280,Non
2026-09-30 00:00,CAC40,URW.PA,Unibail-Rodamco-Westfield,89.1600,3.6513,92.4155,2026-10-21,,,
2026-10-02 00:00,CAC40,URW.PA,Unibail-Rodamco-Westfield,89.1000,3.7950,92.4813,2026-10-23,,,
2026-10-06 00:00,CAC40,URW.PA,Unibail-Rodamco-Westfield,89.0400,3.8649,92.4813,2026-10-27,,,
2026-09-16 00:00,CAC40,VIE.PA,Veolia,31.6200,2.5353,32.4217,2026-09-23,31.3000,-1.0120,Non
2026-09-18 00:00,CAC40,VIE.PA,Veolia,31.5600,2.9441,32.4892,2026-09-25,31.3600,-0.6337,Non
2026-09-21 00:00,CAC40,VIE.PA,Veolia,31.6100,2.6969,32.4625,2026-09-28,31.0900,-1.6450,Non
2026-09-22 00:00,CAC40,VIE.PA,Veolia,31.5700,2.8271,32.4625,2026-09-29,30.9300,-2.0272,Non
2026-09-23 00:00,CAC40,VIE.PA,Veolia,31.5400,2.9249,32.4625,2026-09-30,30.8100,-2.3145,Non
2026-09-28 00:00,CAC40,VIE.PA,Veolia,31.3700,3.3843,32.4317,2026-10-19,,,
2026-10-01 00:00,CAC40,VIE.PA,Veolia,30.1800,2.3525,30.8900,2026-10-08,30.7700,1.9549,Non
2026-10-08 12:12,CAC40,HO.PA,Thales,215.1000,11.7244,240.3191,2026-11-19,,,
